"2023-05-27 20:19:33","INFO","Get category with id d59a5621-8192-49c4-89ef-2ac2545851bc was done successfully"
"2023-05-27 20:19:33","INFO","Get category with id d59a5621-8192-49c4-89ef-2ac2545851bc was done successfully"
"2023-05-27 20:19:33","INFO","Get category with id 917b2bbf-2776-4b70-b10d-26167d3a2bec was done successfully"
"2023-05-27 20:19:33","INFO","Get category with id 917b2bbf-2776-4b70-b10d-26167d3a2bec was done successfully"
"2023-05-27 20:30:07","INFO","Get category with id d0ec9378-4fa9-4610-ad4c-e91cb89f0b6f was done successfully"
"2023-05-27 20:30:07","INFO","Get category with id d0ec9378-4fa9-4610-ad4c-e91cb89f0b6f was done successfully"
"2023-05-27 20:30:07","INFO","Get category with id cfc757e8-5862-498e-a355-acb63e622137 was done successfully"
"2023-05-27 20:30:07","INFO","Get category with id cfc757e8-5862-498e-a355-acb63e622137 was done successfully"
"2023-05-27 20:30:57","INFO","Get category with id 4439862b-a6ed-4486-8e3e-a6937aac0b3f was done successfully"
"2023-05-27 20:30:57","INFO","Get category with id 4439862b-a6ed-4486-8e3e-a6937aac0b3f was done successfully"
"2023-05-27 20:30:57","INFO","Get category with id b2b9deae-86e3-4066-8069-f8065a0e4ec9 was done successfully"
"2023-05-27 20:30:57","INFO","Get category with id b2b9deae-86e3-4066-8069-f8065a0e4ec9 was done successfully"
"2023-05-27 20:31:17","INFO","Get category with id 04bf66b6-b794-4dae-976e-94fd7a628dfd was done successfully"
"2023-05-27 20:31:17","INFO","Get category with id 04bf66b6-b794-4dae-976e-94fd7a628dfd was done successfully"
"2023-05-27 20:31:17","INFO","Get category with id 0fcf877d-9796-4e9f-b7d6-435b925f23bd was done successfully"
"2023-05-27 20:31:17","INFO","Get category with id 0fcf877d-9796-4e9f-b7d6-435b925f23bd was done successfully"
"2023-05-27 20:33:22","INFO","Get category with id 5d1fb1a3-7c6e-44fa-a27c-816eedc4bbe2 was done successfully"
"2023-05-27 20:33:22","INFO","Get category with id 5d1fb1a3-7c6e-44fa-a27c-816eedc4bbe2 was done successfully"
"2023-05-27 20:33:22","INFO","Get category with id fd0e020f-7237-47d1-84f6-9bc2b49f72f2 was done successfully"
"2023-05-27 20:33:22","INFO","Get category with id fd0e020f-7237-47d1-84f6-9bc2b49f72f2 was done successfully"
"2023-05-27 20:37:22","INFO","Get category with id d9c8e5bf-b5b9-47e3-b9cf-579769f76b83 was done successfully"
"2023-05-27 20:37:22","INFO","Get category with id d9c8e5bf-b5b9-47e3-b9cf-579769f76b83 was done successfully"
"2023-05-27 20:37:22","INFO","Get category with id 2aa01219-183a-4fa8-9338-88989b9c801a was done successfully"
"2023-05-27 20:37:22","INFO","Get category with id 2aa01219-183a-4fa8-9338-88989b9c801a was done successfully"
"2023-05-27 20:39:20","INFO","Get category with id f5cf25de-a2b5-40a6-b910-75f10c7f0675 was done successfully"
"2023-05-27 20:39:20","INFO","Get category with id f5cf25de-a2b5-40a6-b910-75f10c7f0675 was done successfully"
"2023-05-27 20:39:20","INFO","Get category with id 832da496-86cf-4d4a-89e5-e4b915b52992 was done successfully"
"2023-05-27 20:39:20","INFO","Get category with id 832da496-86cf-4d4a-89e5-e4b915b52992 was done successfully"
"2023-05-27 20:39:35","INFO","Get category with id 4d56def8-ed3d-4319-8a9e-b7168fd9bada was done successfully"
"2023-05-27 20:39:35","INFO","Get category with id 4d56def8-ed3d-4319-8a9e-b7168fd9bada was done successfully"
"2023-05-27 20:39:35","INFO","Get category with id b4d4585f-99f8-46d8-9169-84c7abd6e1a3 was done successfully"
"2023-05-27 20:39:35","INFO","Get category with id b4d4585f-99f8-46d8-9169-84c7abd6e1a3 was done successfully"
"2023-05-27 20:40:16","INFO","Get category with id 62a77ac6-eb95-457d-a6eb-46412ada7ef4 was done successfully"
"2023-05-27 20:40:16","INFO","Get category with id 62a77ac6-eb95-457d-a6eb-46412ada7ef4 was done successfully"
"2023-05-27 20:40:16","INFO","Get category with id 97ee571e-c6ad-4228-87a9-58224dc56924 was done successfully"
"2023-05-27 20:40:16","INFO","Get category with id 97ee571e-c6ad-4228-87a9-58224dc56924 was done successfully"
"2023-05-27 20:43:12","INFO","Get category with id 930ce97a-2cb4-4b7b-a87b-581f1ca6e630 was done successfully"
"2023-05-27 20:43:12","INFO","Get category with id 930ce97a-2cb4-4b7b-a87b-581f1ca6e630 was done successfully"
"2023-05-27 20:43:12","INFO","Get category with id 09397c47-c997-4123-97e5-e2eae07410be was done successfully"
"2023-05-27 20:43:12","INFO","Get category with id 09397c47-c997-4123-97e5-e2eae07410be was done successfully"
"2023-05-27 20:45:12","INFO","Get category with id 6ccd1eb4-af0b-44f8-8248-9ce2289f2c47 was done successfully"
"2023-05-27 20:45:12","INFO","Get category with id 6ccd1eb4-af0b-44f8-8248-9ce2289f2c47 was done successfully"
"2023-05-27 20:45:12","INFO","Get category with id 19fa064b-56df-4c2a-ac90-f2cedb9eaefe was done successfully"
"2023-05-27 20:45:12","INFO","Get category with id 19fa064b-56df-4c2a-ac90-f2cedb9eaefe was done successfully"
"2023-05-27 20:54:03","INFO","Get category with id 46dd4cc3-c394-4492-a2e6-66bb557b9e9a was done successfully"
"2023-05-27 20:54:03","INFO","Get category with id 46dd4cc3-c394-4492-a2e6-66bb557b9e9a was done successfully"
"2023-05-27 20:54:03","INFO","Get category with id 13e0c68c-3dde-490c-9b9f-172401ecda7a was done successfully"
"2023-05-27 20:54:03","INFO","Get category with id 13e0c68c-3dde-490c-9b9f-172401ecda7a was done successfully"
"2023-05-27 20:59:22","INFO","Get category with id c0c0ce2e-ba1b-42a2-b403-1cd85a4805d6 was done successfully"
"2023-05-27 20:59:22","INFO","Get category with id c0c0ce2e-ba1b-42a2-b403-1cd85a4805d6 was done successfully"
"2023-05-27 20:59:22","INFO","Get category with id c61a1474-d9f4-42f5-9794-3c0d6a21ea42 was done successfully"
"2023-05-27 20:59:22","INFO","Get category with id c61a1474-d9f4-42f5-9794-3c0d6a21ea42 was done successfully"
"2023-05-27 20:59:52","INFO","Get category with id b64ada38-85d4-48b6-ac05-9bca9fb5cd2c was done successfully"
"2023-05-27 20:59:52","INFO","Get category with id b64ada38-85d4-48b6-ac05-9bca9fb5cd2c was done successfully"
"2023-05-27 20:59:52","INFO","Get category with id 246ad6b5-ce84-47d3-bf1c-febe4b7b0fd0 was done successfully"
"2023-05-27 20:59:52","INFO","Get category with id 246ad6b5-ce84-47d3-bf1c-febe4b7b0fd0 was done successfully"
"2023-05-27 21:00:22","INFO","Get category with id 9391d525-717a-4385-8f01-37d495911b89 was done successfully"
"2023-05-27 21:00:22","INFO","Get category with id 9391d525-717a-4385-8f01-37d495911b89 was done successfully"
"2023-05-27 21:00:22","INFO","Get category with id e87e4702-4253-47dd-b4ef-d1d25f228040 was done successfully"
"2023-05-27 21:00:22","INFO","Get category with id e87e4702-4253-47dd-b4ef-d1d25f228040 was done successfully"
"2023-05-27 21:00:22","SEVERE","Error: No such cardtransaction with id null"
"2023-05-27 21:00:33","INFO","Get category with id dfd9fcad-59e1-485c-a023-4ed8bf3b5a1f was done successfully"
"2023-05-27 21:00:33","INFO","Get category with id dfd9fcad-59e1-485c-a023-4ed8bf3b5a1f was done successfully"
"2023-05-27 21:00:33","INFO","Get category with id 831c21de-f4a6-4748-88f2-c02aae2f2e5d was done successfully"
"2023-05-27 21:00:33","INFO","Get category with id 831c21de-f4a6-4748-88f2-c02aae2f2e5d was done successfully"
"2023-05-27 21:00:53","INFO","Get category with id a5209b7b-80b9-42e2-92fb-7de92a6b4758 was done successfully"
"2023-05-27 21:00:53","INFO","Get category with id a5209b7b-80b9-42e2-92fb-7de92a6b4758 was done successfully"
"2023-05-27 21:00:53","INFO","Get category with id 22eaae4f-4c83-4706-ae7b-8507e28d1c9e was done successfully"
"2023-05-27 21:00:53","INFO","Get category with id 22eaae4f-4c83-4706-ae7b-8507e28d1c9e was done successfully"
"2023-05-27 21:00:54","SEVERE","Error: No such cardtransaction with id null"
"2023-05-27 21:01:15","INFO","Get category with id 5608e00e-bd81-4488-907e-a030c61c972c was done successfully"
"2023-05-27 21:01:15","INFO","Get category with id 5608e00e-bd81-4488-907e-a030c61c972c was done successfully"
"2023-05-27 21:01:15","INFO","Get category with id 605dee64-dae1-48e4-9777-46a7a8fae1ff was done successfully"
"2023-05-27 21:01:15","INFO","Get category with id 605dee64-dae1-48e4-9777-46a7a8fae1ff was done successfully"
"2023-05-27 21:01:20","SEVERE","Error: No such cardtransaction with id null"
"2023-05-27 21:01:30","INFO","Get category with id 02b9b997-e0a6-4e7d-a2e3-f901b60ce789 was done successfully"
"2023-05-27 21:01:30","INFO","Get category with id 02b9b997-e0a6-4e7d-a2e3-f901b60ce789 was done successfully"
"2023-05-27 21:01:30","INFO","Get category with id 83167a2c-01b7-41a5-95cf-0f23bb6d5c54 was done successfully"
"2023-05-27 21:01:30","INFO","Get category with id 83167a2c-01b7-41a5-95cf-0f23bb6d5c54 was done successfully"
"2023-05-27 21:02:00","SEVERE","Error: No such cardtransaction with id null"
"2023-05-27 21:02:13","INFO","Get category with id 3c90ba7e-288c-4104-8bae-f9d333358c12 was done successfully"
"2023-05-27 21:02:13","INFO","Get category with id 3c90ba7e-288c-4104-8bae-f9d333358c12 was done successfully"
"2023-05-27 21:02:13","INFO","Get category with id 4dcb9ee6-5339-4733-81bf-24e004a80ee0 was done successfully"
"2023-05-27 21:02:13","INFO","Get category with id 4dcb9ee6-5339-4733-81bf-24e004a80ee0 was done successfully"
"2023-05-27 21:02:20","SEVERE","Error: No such cardtransaction with id null"
"2023-05-27 21:02:22","INFO","Get category with id 83e80156-8779-47c5-ac53-18f465505ae5 was done successfully"
"2023-05-27 21:02:22","INFO","Get category with id 83e80156-8779-47c5-ac53-18f465505ae5 was done successfully"
"2023-05-27 21:02:22","INFO","Get category with id 5d20234e-4aa6-4c89-b90d-00f4ab3e9376 was done successfully"
"2023-05-27 21:02:22","INFO","Get category with id 5d20234e-4aa6-4c89-b90d-00f4ab3e9376 was done successfully"
"2023-05-27 21:03:22","SEVERE","Error: No such cardtransaction with id null"
"2023-05-27 21:04:04","INFO","Get category with id 6611ffa3-427a-49de-af4e-a74e14aa8c39 was done successfully"
"2023-05-27 21:04:04","INFO","Get category with id 6611ffa3-427a-49de-af4e-a74e14aa8c39 was done successfully"
"2023-05-27 21:04:04","INFO","Get category with id b730c949-411b-4320-97b5-6d17b210cdbe was done successfully"
"2023-05-27 21:04:04","INFO","Get category with id b730c949-411b-4320-97b5-6d17b210cdbe was done successfully"
"2023-05-27 21:04:04","SEVERE","Error: No such cardtransaction with id null"
"2023-05-27 21:04:46","INFO","Get category with id 99d7ce69-3fff-4532-8ba7-d8efee22ac47 was done successfully"
"2023-05-27 21:04:46","INFO","Get category with id 99d7ce69-3fff-4532-8ba7-d8efee22ac47 was done successfully"
"2023-05-27 21:04:46","INFO","Get category with id d9ae4091-4acf-42e9-a861-1cd1f4d03de3 was done successfully"
"2023-05-27 21:04:46","INFO","Get category with id d9ae4091-4acf-42e9-a861-1cd1f4d03de3 was done successfully"
"2023-05-27 21:10:04","INFO","Get category with id aeb035b4-c977-40c0-b8b7-3bc97f57c028 was done successfully"
"2023-05-27 21:10:04","INFO","Get category with id aeb035b4-c977-40c0-b8b7-3bc97f57c028 was done successfully"
"2023-05-27 21:10:04","INFO","Get category with id 6baba027-e05b-43fe-bde4-c0b56e9107b9 was done successfully"
"2023-05-27 21:10:04","INFO","Get category with id 6baba027-e05b-43fe-bde4-c0b56e9107b9 was done successfully"
"2023-05-27 21:10:04","SEVERE","Error: No such cardtransaction with id 8f069d05-acc6-4611-b239-a2be889b7616"
"2023-05-27 21:10:35","INFO","Get category with id 40b4f2f8-bd8c-4735-87b3-cfd34ce391af was done successfully"
"2023-05-27 21:10:35","INFO","Get category with id 40b4f2f8-bd8c-4735-87b3-cfd34ce391af was done successfully"
"2023-05-27 21:10:35","INFO","Get category with id 4603c1c2-32cd-4062-ace1-7f8a83f87fe5 was done successfully"
"2023-05-27 21:10:35","INFO","Get category with id 4603c1c2-32cd-4062-ace1-7f8a83f87fe5 was done successfully"
"2023-05-27 21:10:35","SEVERE","Error: No such cardtransaction with id 8a309b69-3642-4930-ae1a-b064642822e2"
"2023-05-27 21:10:54","INFO","Get category with id 9f2d4fc8-9155-4a24-8655-3a073654790e was done successfully"
"2023-05-27 21:10:54","INFO","Get category with id 9f2d4fc8-9155-4a24-8655-3a073654790e was done successfully"
"2023-05-27 21:10:54","INFO","Get category with id 699c30dd-0a37-413f-a453-807f156bd3ee was done successfully"
"2023-05-27 21:10:54","INFO","Get category with id 699c30dd-0a37-413f-a453-807f156bd3ee was done successfully"
"2023-05-27 21:10:59","SEVERE","Error: No such cardtransaction with id 8a3c32da-b368-471d-b0aa-a81eccede64f"
"2023-05-27 21:11:03","INFO","Get category with id 64ed4e05-d0f8-415e-ac13-dd56e2082681 was done successfully"
"2023-05-27 21:11:03","INFO","Get category with id 64ed4e05-d0f8-415e-ac13-dd56e2082681 was done successfully"
"2023-05-27 21:11:03","INFO","Get category with id 01285a9d-e717-4300-ad4a-e6ebbb277d05 was done successfully"
"2023-05-27 21:11:03","INFO","Get category with id 01285a9d-e717-4300-ad4a-e6ebbb277d05 was done successfully"
"2023-05-27 21:12:01","SEVERE","Error: No such cardtransaction with id af05f7ba-e5ba-43c0-af04-3541fa6f7bb3"
"2023-05-27 21:12:11","INFO","Get category with id 2f51d588-ee7d-4771-9e53-d4669e44e6b1 was done successfully"
"2023-05-27 21:12:11","INFO","Get category with id 2f51d588-ee7d-4771-9e53-d4669e44e6b1 was done successfully"
"2023-05-27 21:12:11","INFO","Get category with id 19e48bd6-adbd-4ad2-940d-947f76705d6c was done successfully"
"2023-05-27 21:12:11","INFO","Get category with id 19e48bd6-adbd-4ad2-940d-947f76705d6c was done successfully"
"2023-05-27 21:13:40","SEVERE","Error: No such cardtransaction with id 7f9e0378-a20e-4199-8102-f56f17ee9117"
"2023-05-27 21:14:41","INFO","Get category with id 0eb77b12-3c20-435d-a997-f63e81f7c761 was done successfully"
"2023-05-27 21:14:41","INFO","Get category with id 0eb77b12-3c20-435d-a997-f63e81f7c761 was done successfully"
"2023-05-27 21:14:41","INFO","Get category with id 75bb7173-11fe-4638-ba75-26afe8f02d27 was done successfully"
"2023-05-27 21:14:41","INFO","Get category with id 75bb7173-11fe-4638-ba75-26afe8f02d27 was done successfully"
"2023-05-27 21:14:45","SEVERE","Error: No such cardtransaction with id 3ed17263-bda3-4ec2-a18e-debf2096f6fd"
"2023-05-27 21:14:52","INFO","Get category with id 84ac514a-ca9c-4f21-9027-ff4de83f0798 was done successfully"
"2023-05-27 21:14:52","INFO","Get category with id 84ac514a-ca9c-4f21-9027-ff4de83f0798 was done successfully"
"2023-05-27 21:14:52","INFO","Get category with id 033ac0dc-e247-441f-87b8-a4be0540fdea was done successfully"
"2023-05-27 21:14:52","INFO","Get category with id 033ac0dc-e247-441f-87b8-a4be0540fdea was done successfully"
"2023-05-27 21:15:57","SEVERE","Error: No such cardtransaction with id 72408588-09e0-4af2-9b84-2e34c992959c"
"2023-05-27 21:16:00","INFO","Get category with id a2f46622-ab08-4399-bb86-66fdc955651b was done successfully"
"2023-05-27 21:16:00","INFO","Get category with id a2f46622-ab08-4399-bb86-66fdc955651b was done successfully"
"2023-05-27 21:16:00","INFO","Get category with id 323b331f-0f02-4851-b84c-4bea07c9357e was done successfully"
"2023-05-27 21:16:00","INFO","Get category with id 323b331f-0f02-4851-b84c-4bea07c9357e was done successfully"
"2023-05-27 21:16:01","SEVERE","Error: No such cardtransaction with id 6d32e0c0-685a-4ec5-8650-4686ceb6ec65"
"2023-05-27 21:16:01","INFO","Get cashtransaction with id 6d32e0c0-685a-4ec5-8650-4686ceb6ec65 was done successfully"
"2023-05-27 21:16:01","SEVERE","Error: No such cardtransaction with id 6d32e0c0-685a-4ec5-8650-4686ceb6ec65"
"2023-05-27 21:16:01","INFO","Get cashtransaction with id 6d32e0c0-685a-4ec5-8650-4686ceb6ec65 was done successfully"
"2023-05-27 21:16:24","INFO","Get category with id 82144a84-2e19-4b01-9a45-9068a015a62d was done successfully"
"2023-05-27 21:16:24","INFO","Get category with id 82144a84-2e19-4b01-9a45-9068a015a62d was done successfully"
"2023-05-27 21:16:24","INFO","Get category with id 56bed7ba-a7e2-4795-ab91-18264cdd6818 was done successfully"
"2023-05-27 21:16:24","INFO","Get category with id 56bed7ba-a7e2-4795-ab91-18264cdd6818 was done successfully"
"2023-05-27 21:16:33","SEVERE","Error: No such cardtransaction with id 86627e0b-b501-4603-8428-e0ca3fa25ffb"
"2023-05-27 21:16:40","INFO","Get cashtransaction with id 86627e0b-b501-4603-8428-e0ca3fa25ffb was done successfully"
"2023-05-27 21:17:10","SEVERE","Error: No such cardtransaction with id 86627e0b-b501-4603-8428-e0ca3fa25ffb"
"2023-05-27 21:17:10","INFO","Get cashtransaction with id 86627e0b-b501-4603-8428-e0ca3fa25ffb was done successfully"
"2023-05-27 21:17:33","INFO","Get category with id 776b5fc0-b9f1-417d-939d-0ad3e67bf6a3 was done successfully"
"2023-05-27 21:17:33","INFO","Get category with id 776b5fc0-b9f1-417d-939d-0ad3e67bf6a3 was done successfully"
"2023-05-27 21:17:33","INFO","Get category with id ecd6022f-ead3-4d0a-af8b-e68c33449731 was done successfully"
"2023-05-27 21:17:33","INFO","Get category with id ecd6022f-ead3-4d0a-af8b-e68c33449731 was done successfully"
"2023-05-27 21:17:37","SEVERE","Error: No such cardtransaction with id 717ffe2c-8566-41d3-a327-d9461c157e5f"
"2023-05-27 21:17:37","INFO","Get cashtransaction with id 717ffe2c-8566-41d3-a327-d9461c157e5f was done successfully"
"2023-05-27 21:17:37","SEVERE","Error: No such cardtransaction with id 717ffe2c-8566-41d3-a327-d9461c157e5f"
"2023-05-27 21:17:37","INFO","Get cashtransaction with id 717ffe2c-8566-41d3-a327-d9461c157e5f was done successfully"
"2023-05-27 21:18:39","INFO","Get category with id a0e89fff-3b02-430a-aed6-e2b5ba2420e8 was done successfully"
"2023-05-27 21:18:39","INFO","Get category with id a0e89fff-3b02-430a-aed6-e2b5ba2420e8 was done successfully"
"2023-05-27 21:18:39","INFO","Get category with id 616d1aae-0885-4e98-8dba-6a92e93371f4 was done successfully"
"2023-05-27 21:18:39","INFO","Get category with id 616d1aae-0885-4e98-8dba-6a92e93371f4 was done successfully"
"2023-05-27 21:18:40","SEVERE","Error: No such cardtransaction with id 513e1661-06d6-4e14-a909-5d2559da0b11"
"2023-05-27 21:18:40","INFO","Get cashtransaction with id 513e1661-06d6-4e14-a909-5d2559da0b11 was done successfully"
"2023-05-27 21:18:40","SEVERE","Error: No such cardtransaction with id 513e1661-06d6-4e14-a909-5d2559da0b11"
"2023-05-27 21:18:40","INFO","Get cashtransaction with id 513e1661-06d6-4e14-a909-5d2559da0b11 was done successfully"
"2023-05-27 21:19:05","INFO","Get category with id b16f2818-141f-4ef6-8072-b5a852f81d69 was done successfully"
"2023-05-27 21:19:05","INFO","Get category with id b16f2818-141f-4ef6-8072-b5a852f81d69 was done successfully"
"2023-05-27 21:19:05","INFO","Get category with id 6312dcf8-ba65-44a9-974d-e405607ab79c was done successfully"
"2023-05-27 21:19:05","INFO","Get category with id 6312dcf8-ba65-44a9-974d-e405607ab79c was done successfully"
"2023-05-27 21:19:05","SEVERE","Error: No such cardtransaction with id deb8d146-b3e6-42e3-b883-e04a18706b17"
"2023-05-27 21:19:05","INFO","Get cashtransaction with id deb8d146-b3e6-42e3-b883-e04a18706b17 was done successfully"
"2023-05-27 21:19:05","SEVERE","Error: No such cardtransaction with id deb8d146-b3e6-42e3-b883-e04a18706b17"
"2023-05-27 21:19:05","INFO","Get cashtransaction with id deb8d146-b3e6-42e3-b883-e04a18706b17 was done successfully"
"2023-05-27 21:19:18","INFO","Get category with id cf347f57-ff2e-4c4e-b2ab-035aae6587ca was done successfully"
"2023-05-27 21:19:18","INFO","Get category with id cf347f57-ff2e-4c4e-b2ab-035aae6587ca was done successfully"
"2023-05-27 21:19:18","INFO","Get category with id a8bdf87c-602e-41df-867e-b972e6303dbf was done successfully"
"2023-05-27 21:19:18","INFO","Get category with id a8bdf87c-602e-41df-867e-b972e6303dbf was done successfully"
"2023-05-27 21:19:18","SEVERE","Error: No such cardtransaction with id f890c2ff-59a6-4de9-866a-4204e6b8e784"
"2023-05-27 21:19:18","INFO","Get cashtransaction with id f890c2ff-59a6-4de9-866a-4204e6b8e784 was done successfully"
"2023-05-27 21:19:18","SEVERE","Error: No such cardtransaction with id f890c2ff-59a6-4de9-866a-4204e6b8e784"
"2023-05-27 21:19:18","INFO","Get cashtransaction with id f890c2ff-59a6-4de9-866a-4204e6b8e784 was done successfully"
"2023-05-27 21:19:18","INFO","Get cardtransaction with id e9dcd2e2-8f09-4d88-92cb-449d55df5e76 was done successfully"
"2023-05-27 21:19:18","INFO","Get cardtransaction with id e9dcd2e2-8f09-4d88-92cb-449d55df5e76 was done successfully"
"2023-05-27 21:19:18","INFO","Get cardtransaction with id f5dc39ef-820a-4fa3-b851-b7d7450bb458 was done successfully"
"2023-05-27 21:19:18","INFO","Get cardtransaction with id f5dc39ef-820a-4fa3-b851-b7d7450bb458 was done successfully"
"2023-05-27 21:20:40","INFO","Get category with id c0cff802-8a18-4b74-b746-5759223125fd was done successfully"
"2023-05-27 21:20:40","INFO","Get category with id c0cff802-8a18-4b74-b746-5759223125fd was done successfully"
"2023-05-27 21:20:40","INFO","Get category with id c7adc281-a448-4705-9da1-2e32292cb4fa was done successfully"
"2023-05-27 21:20:40","INFO","Get category with id c7adc281-a448-4705-9da1-2e32292cb4fa was done successfully"
"2023-05-27 21:20:49","SEVERE","Error: No such cardtransaction with id 4b7c2a2e-5fdd-42ee-9ea2-02c7ed013bbf"
"2023-05-27 21:20:49","INFO","Get cashtransaction with id 4b7c2a2e-5fdd-42ee-9ea2-02c7ed013bbf was done successfully"
"2023-05-27 21:20:49","SEVERE","Error: No such cardtransaction with id 4b7c2a2e-5fdd-42ee-9ea2-02c7ed013bbf"
"2023-05-27 21:20:49","INFO","Get cashtransaction with id 4b7c2a2e-5fdd-42ee-9ea2-02c7ed013bbf was done successfully"
"2023-05-27 21:20:49","INFO","Get cardtransaction with id 6c9e1cc7-bdd9-4394-940b-4be69a108ac6 was done successfully"
"2023-05-27 21:20:49","INFO","Get cardtransaction with id 6c9e1cc7-bdd9-4394-940b-4be69a108ac6 was done successfully"
"2023-05-27 21:20:49","INFO","Get cardtransaction with id d7ea3afa-a6d3-4169-9e52-263099db611d was done successfully"
"2023-05-27 21:20:49","INFO","Get cardtransaction with id d7ea3afa-a6d3-4169-9e52-263099db611d was done successfully"
"2023-05-27 21:21:46","INFO","Get category with id 1763690b-46c2-4427-876e-fd2c7c692050 was done successfully"
"2023-05-27 21:21:46","INFO","Get category with id 1763690b-46c2-4427-876e-fd2c7c692050 was done successfully"
"2023-05-27 21:21:46","INFO","Get category with id cd5cf7c2-6c8e-49a5-b0ec-917ee0db7567 was done successfully"
"2023-05-27 21:21:46","INFO","Get category with id cd5cf7c2-6c8e-49a5-b0ec-917ee0db7567 was done successfully"
"2023-05-27 21:22:06","INFO","Get category with id 6e971abc-4a0d-43ef-98da-60e41c1732ad was done successfully"
"2023-05-27 21:22:06","INFO","Get category with id 6e971abc-4a0d-43ef-98da-60e41c1732ad was done successfully"
"2023-05-27 21:22:06","INFO","Get category with id de3f0fab-5342-4732-a8ee-e8cb09063e29 was done successfully"
"2023-05-27 21:22:06","INFO","Get category with id de3f0fab-5342-4732-a8ee-e8cb09063e29 was done successfully"
"2023-05-27 21:23:34","INFO","Get category with id 176fe81c-da7c-4c47-8330-f0b1c8b3a083 was done successfully"
"2023-05-27 21:23:34","INFO","Get category with id 176fe81c-da7c-4c47-8330-f0b1c8b3a083 was done successfully"
"2023-05-27 21:23:34","INFO","Get category with id eb781c3f-b63d-4340-ae6a-bc5c00d5ce73 was done successfully"
"2023-05-27 21:23:34","INFO","Get category with id eb781c3f-b63d-4340-ae6a-bc5c00d5ce73 was done successfully"
"2023-05-27 21:27:33","INFO","Get category with id 66ac2dfe-b414-497c-946e-47c9a24ace3f was done successfully"
"2023-05-27 21:27:33","INFO","Get category with id 66ac2dfe-b414-497c-946e-47c9a24ace3f was done successfully"
"2023-05-27 21:27:33","INFO","Get category with id 33bd412c-7a43-4f12-8296-bc6df0310794 was done successfully"
"2023-05-27 21:27:33","INFO","Get category with id 33bd412c-7a43-4f12-8296-bc6df0310794 was done successfully"
"2023-05-27 21:27:33","SEVERE","Error: No such cardtransaction with id 0dc0a345-45b2-4c9e-9b5c-324375333370"
"2023-05-27 21:27:33","INFO","Get cashtransaction with id 0dc0a345-45b2-4c9e-9b5c-324375333370 was done successfully"
"2023-05-27 21:27:33","SEVERE","Error: No such cardtransaction with id 0dc0a345-45b2-4c9e-9b5c-324375333370"
"2023-05-27 21:27:33","INFO","Get cashtransaction with id 0dc0a345-45b2-4c9e-9b5c-324375333370 was done successfully"
"2023-05-27 21:27:33","INFO","Get cardtransaction with id 48cb1f21-0deb-4275-befd-7a4936bd2910 was done successfully"
"2023-05-27 21:27:33","INFO","Get cardtransaction with id 48cb1f21-0deb-4275-befd-7a4936bd2910 was done successfully"
"2023-05-27 21:27:33","INFO","Get cardtransaction with id 509539a2-28f5-47f2-8451-beb4c8599004 was done successfully"
"2023-05-27 21:27:33","INFO","Get cardtransaction with id 509539a2-28f5-47f2-8451-beb4c8599004 was done successfully"
"2023-05-27 21:32:25","INFO","Get category with id 00ff9777-84fb-4d3c-bfd5-a3668c8b5280 was done successfully"
"2023-05-27 21:32:25","INFO","Get category with id 00ff9777-84fb-4d3c-bfd5-a3668c8b5280 was done successfully"
"2023-05-27 21:32:25","INFO","Get category with id 16f48751-f622-4663-94dd-476839d20142 was done successfully"
"2023-05-27 21:32:25","INFO","Get category with id 16f48751-f622-4663-94dd-476839d20142 was done successfully"
"2023-05-27 21:32:43","INFO","Get category with id 87b073c2-252b-423b-91d0-dcb66e136d3b was done successfully"
"2023-05-27 21:32:43","INFO","Get category with id 87b073c2-252b-423b-91d0-dcb66e136d3b was done successfully"
"2023-05-27 21:32:43","INFO","Get category with id bd644af5-272b-4ea9-b9ea-e2236f1648a8 was done successfully"
"2023-05-27 21:32:43","INFO","Get category with id bd644af5-272b-4ea9-b9ea-e2236f1648a8 was done successfully"
"2023-05-27 21:35:01","INFO","Get category with id 6e5f5136-e2e5-4baa-84cc-a4ec34faf140 was done successfully"
"2023-05-27 21:35:01","INFO","Get category with id 6e5f5136-e2e5-4baa-84cc-a4ec34faf140 was done successfully"
"2023-05-27 21:35:01","INFO","Get category with id 5dba291b-55ec-409f-b8ee-c0b9eda5c592 was done successfully"
"2023-05-27 21:35:01","INFO","Get category with id 5dba291b-55ec-409f-b8ee-c0b9eda5c592 was done successfully"
"2023-05-27 21:36:29","INFO","Get category with id f7f175fa-fb8f-4f18-8cf9-5e33a3ea44a4 was done successfully"
"2023-05-27 21:36:29","INFO","Get category with id f7f175fa-fb8f-4f18-8cf9-5e33a3ea44a4 was done successfully"
"2023-05-27 21:36:29","INFO","Get category with id e4029e94-a717-4123-acc2-cd39a288d7c3 was done successfully"
"2023-05-27 21:36:29","INFO","Get category with id e4029e94-a717-4123-acc2-cd39a288d7c3 was done successfully"
"2023-05-27 21:37:22","INFO","Get category with id 0b0fc565-4f7a-4ba8-b022-c94966f3b423 was done successfully"
"2023-05-27 21:37:22","INFO","Get category with id 0b0fc565-4f7a-4ba8-b022-c94966f3b423 was done successfully"
"2023-05-27 21:37:22","INFO","Get category with id e1ec34eb-6465-41eb-8c3a-e38a1bfccb58 was done successfully"
"2023-05-27 21:37:22","INFO","Get category with id e1ec34eb-6465-41eb-8c3a-e38a1bfccb58 was done successfully"
"2023-05-27 21:38:18","INFO","Get category with id 97fef029-8fcd-4b7e-8fd5-f6ef220e1063 was done successfully"
"2023-05-27 21:38:18","INFO","Get category with id 97fef029-8fcd-4b7e-8fd5-f6ef220e1063 was done successfully"
"2023-05-27 21:38:18","INFO","Get category with id d0f82a4c-af99-4d49-b893-9221f26f7390 was done successfully"
"2023-05-27 21:38:18","INFO","Get category with id d0f82a4c-af99-4d49-b893-9221f26f7390 was done successfully"
"2023-05-27 21:39:02","INFO","Get category with id 44a448ae-3255-4152-bca2-b988d7d688f3 was done successfully"
"2023-05-27 21:39:02","INFO","Get category with id 44a448ae-3255-4152-bca2-b988d7d688f3 was done successfully"
"2023-05-27 21:39:02","INFO","Get category with id 71d1dec7-5b1e-4d40-87e1-e6bb407a3c37 was done successfully"
"2023-05-27 21:39:02","INFO","Get category with id 71d1dec7-5b1e-4d40-87e1-e6bb407a3c37 was done successfully"
"2023-05-27 21:39:03","SEVERE","Error: No such cardtransaction with id 74f6434d-4591-41b9-a351-2b8aff2bc257"
"2023-05-27 21:39:03","INFO","Get cashtransaction with id 74f6434d-4591-41b9-a351-2b8aff2bc257 was done successfully"
"2023-05-27 21:39:03","SEVERE","Error: No such cardtransaction with id 74f6434d-4591-41b9-a351-2b8aff2bc257"
"2023-05-27 21:39:03","INFO","Get cashtransaction with id 74f6434d-4591-41b9-a351-2b8aff2bc257 was done successfully"
"2023-05-27 21:39:03","INFO","Get cardtransaction with id 4d69adae-2c7f-4d3b-a607-38b29ecb5306 was done successfully"
"2023-05-27 21:39:03","INFO","Get cardtransaction with id 4d69adae-2c7f-4d3b-a607-38b29ecb5306 was done successfully"
"2023-05-27 21:39:03","INFO","Get cardtransaction with id e8f1b3e8-b0c7-47dd-a169-434bfc9ee4da was done successfully"
"2023-05-27 21:39:03","INFO","Get cardtransaction with id e8f1b3e8-b0c7-47dd-a169-434bfc9ee4da was done successfully"
"2023-05-27 21:39:25","INFO","Get category with id 57ab4c9e-5811-4157-9372-e4424326f3ba was done successfully"
"2023-05-27 21:39:25","INFO","Get category with id 57ab4c9e-5811-4157-9372-e4424326f3ba was done successfully"
"2023-05-27 21:39:25","INFO","Get category with id 009e6385-ca1a-4581-8fc8-706e565bf081 was done successfully"
"2023-05-27 21:39:25","INFO","Get category with id 009e6385-ca1a-4581-8fc8-706e565bf081 was done successfully"
"2023-05-27 21:39:52","INFO","Get category with id b1e95af7-89ab-4d90-903c-f85530c1cb20 was done successfully"
"2023-05-27 21:39:52","INFO","Get category with id b1e95af7-89ab-4d90-903c-f85530c1cb20 was done successfully"
"2023-05-27 21:39:52","INFO","Get category with id ca7b2a52-e10e-45ea-a878-8e04f2aab393 was done successfully"
"2023-05-27 21:39:52","INFO","Get category with id ca7b2a52-e10e-45ea-a878-8e04f2aab393 was done successfully"
"2023-05-27 21:39:53","SEVERE","Error: No such cardtransaction with id 318bb816-525e-4dfb-a364-a80eddaad3da"
"2023-05-27 21:39:53","INFO","Get cashtransaction with id 318bb816-525e-4dfb-a364-a80eddaad3da was done successfully"
"2023-05-27 21:39:53","SEVERE","Error: No such cardtransaction with id 318bb816-525e-4dfb-a364-a80eddaad3da"
"2023-05-27 21:39:53","INFO","Get cashtransaction with id 318bb816-525e-4dfb-a364-a80eddaad3da was done successfully"
"2023-05-27 21:39:53","INFO","Get cardtransaction with id 9539ddc9-217c-4c2e-b373-73e1fa33a5a7 was done successfully"
"2023-05-27 21:39:53","INFO","Get cardtransaction with id 9539ddc9-217c-4c2e-b373-73e1fa33a5a7 was done successfully"
"2023-05-27 21:39:53","INFO","Get cardtransaction with id 5c9d2ce2-3846-4b38-af0b-89d699784d3c was done successfully"
"2023-05-27 21:39:53","INFO","Get cardtransaction with id 5c9d2ce2-3846-4b38-af0b-89d699784d3c was done successfully"
"2023-05-27 21:48:16","INFO","Get category with id cefe702a-5884-4ba3-8c55-ce21b7408e5c was done successfully"
"2023-05-27 21:48:16","INFO","Get category with id cefe702a-5884-4ba3-8c55-ce21b7408e5c was done successfully"
"2023-05-27 21:48:16","INFO","Get category with id 268e59f3-ab7b-472c-93d1-e966a21a6e6e was done successfully"
"2023-05-27 21:48:16","INFO","Get category with id 268e59f3-ab7b-472c-93d1-e966a21a6e6e was done successfully"
"2023-05-27 21:48:17","SEVERE","Error: No such cardtransaction with id dbf7ee58-ceb8-4b3e-9436-0e4ae5611e1c"
"2023-05-27 21:48:17","INFO","Get cashtransaction with id dbf7ee58-ceb8-4b3e-9436-0e4ae5611e1c was done successfully"
"2023-05-27 21:48:17","SEVERE","Error: No such cardtransaction with id dbf7ee58-ceb8-4b3e-9436-0e4ae5611e1c"
"2023-05-27 21:48:17","INFO","Get cashtransaction with id dbf7ee58-ceb8-4b3e-9436-0e4ae5611e1c was done successfully"
"2023-05-27 21:48:17","INFO","Get cardtransaction with id 672c380d-7234-4c13-a6ac-667ba5543d32 was done successfully"
"2023-05-27 21:48:17","INFO","Get cardtransaction with id 672c380d-7234-4c13-a6ac-667ba5543d32 was done successfully"
"2023-05-27 21:48:17","INFO","Get cardtransaction with id 57cf0f91-60dd-4294-8bfe-fd2537ddbc92 was done successfully"
"2023-05-27 21:48:17","INFO","Get cardtransaction with id 57cf0f91-60dd-4294-8bfe-fd2537ddbc92 was done successfully"
"2023-05-27 21:50:19","INFO","Get category with id 137c0d81-e7f1-4e18-9846-72425536c33d was done successfully"
"2023-05-27 21:50:19","INFO","Get category with id 137c0d81-e7f1-4e18-9846-72425536c33d was done successfully"
"2023-05-27 21:50:19","INFO","Get category with id e04b8eab-ba8b-4df0-a46b-7b32c578e32d was done successfully"
"2023-05-27 21:50:19","INFO","Get category with id e04b8eab-ba8b-4df0-a46b-7b32c578e32d was done successfully"
"2023-05-27 21:50:19","SEVERE","Error: No such cardtransaction with id 95986e6f-0054-4901-a1d1-4f4886ad5eca"
"2023-05-27 21:50:19","INFO","Get cashtransaction with id 95986e6f-0054-4901-a1d1-4f4886ad5eca was done successfully"
"2023-05-27 21:50:19","SEVERE","Error: No such cardtransaction with id 95986e6f-0054-4901-a1d1-4f4886ad5eca"
"2023-05-27 21:50:19","INFO","Get cashtransaction with id 95986e6f-0054-4901-a1d1-4f4886ad5eca was done successfully"
"2023-05-27 21:50:19","INFO","Get cardtransaction with id 37e8fc43-2c20-4756-a1ed-bf06b75ab417 was done successfully"
"2023-05-27 21:50:19","INFO","Get cardtransaction with id 37e8fc43-2c20-4756-a1ed-bf06b75ab417 was done successfully"
"2023-05-27 21:50:19","INFO","Get cardtransaction with id cd7ec56b-6f91-454a-8aae-70d8e81cb598 was done successfully"
"2023-05-27 21:50:19","INFO","Get cardtransaction with id cd7ec56b-6f91-454a-8aae-70d8e81cb598 was done successfully"
"2023-05-27 21:50:35","INFO","Get category with id 96a08b27-93e3-42c6-88c6-6ebbdb4ab027 was done successfully"
"2023-05-27 21:50:35","INFO","Get category with id 96a08b27-93e3-42c6-88c6-6ebbdb4ab027 was done successfully"
"2023-05-27 21:50:35","INFO","Get category with id 9e20a113-9f3f-4b38-8638-355e08f2aac4 was done successfully"
"2023-05-27 21:50:35","INFO","Get category with id 9e20a113-9f3f-4b38-8638-355e08f2aac4 was done successfully"
"2023-05-27 21:51:29","INFO","Get category with id a716f5c6-dd00-4c07-a21b-b85232e7a3f7 was done successfully"
"2023-05-27 21:51:29","INFO","Get category with id a716f5c6-dd00-4c07-a21b-b85232e7a3f7 was done successfully"
"2023-05-27 21:51:29","INFO","Get category with id a6f30d10-37b0-49bd-b8ce-7b33bbf11a08 was done successfully"
"2023-05-27 21:51:29","INFO","Get category with id a6f30d10-37b0-49bd-b8ce-7b33bbf11a08 was done successfully"
"2023-05-27 21:52:43","INFO","Get category with id 7b72500a-e3b3-4312-b68d-294a83a68111 was done successfully"
"2023-05-27 21:52:43","INFO","Get category with id 7b72500a-e3b3-4312-b68d-294a83a68111 was done successfully"
"2023-05-27 21:52:43","INFO","Get category with id 6ce6bc14-e1dd-48d3-b9b5-17c3e5386e2e was done successfully"
"2023-05-27 21:52:43","INFO","Get category with id 6ce6bc14-e1dd-48d3-b9b5-17c3e5386e2e was done successfully"
"2023-05-27 21:55:57","INFO","Get category with id eb47a2f5-6374-4198-a778-49e485f10e3e was done successfully"
"2023-05-27 21:55:57","INFO","Get category with id eb47a2f5-6374-4198-a778-49e485f10e3e was done successfully"
"2023-05-27 21:55:57","INFO","Get category with id 348d479d-d2ca-4d9f-bc26-49a9167d2f9c was done successfully"
"2023-05-27 21:55:57","INFO","Get category with id 348d479d-d2ca-4d9f-bc26-49a9167d2f9c was done successfully"
"2023-05-27 22:09:12","INFO","Get category with id 10fb4e80-9630-44fc-93e7-184868413b85 was done successfully"
"2023-05-27 22:09:12","INFO","Get category with id 10fb4e80-9630-44fc-93e7-184868413b85 was done successfully"
"2023-05-27 22:09:12","INFO","Get category with id 567897cb-e7e6-43bb-bfd9-ed82008cc151 was done successfully"
"2023-05-27 22:09:12","INFO","Get category with id 567897cb-e7e6-43bb-bfd9-ed82008cc151 was done successfully"
"2023-05-27 22:11:12","INFO","Get category with id 82cc9d42-6877-4a84-a173-8383e5dffd00 was done successfully"
"2023-05-27 22:11:12","INFO","Get category with id 82cc9d42-6877-4a84-a173-8383e5dffd00 was done successfully"
"2023-05-27 22:11:12","INFO","Get category with id 0bcbb125-69b5-4f38-a29a-be38a87ed700 was done successfully"
"2023-05-27 22:11:12","INFO","Get category with id 0bcbb125-69b5-4f38-a29a-be38a87ed700 was done successfully"
"2023-05-27 22:12:49","INFO","Get category with id 62e38724-ada2-4b6e-8cde-b80b39af6ccd was done successfully"
"2023-05-27 22:12:49","INFO","Get category with id 62e38724-ada2-4b6e-8cde-b80b39af6ccd was done successfully"
"2023-05-27 22:12:49","INFO","Get category with id 87784036-d400-44b7-97f0-ffd5b8839e64 was done successfully"
"2023-05-27 22:12:49","INFO","Get category with id 87784036-d400-44b7-97f0-ffd5b8839e64 was done successfully"
"2023-05-27 22:14:27","INFO","Get category with id bab726d3-f3d0-476d-975f-50ba2ffefb22 was done successfully"
"2023-05-27 22:14:27","INFO","Get category with id bab726d3-f3d0-476d-975f-50ba2ffefb22 was done successfully"
"2023-05-27 22:14:27","INFO","Get category with id 6bb975e9-f577-4bcd-9084-4622c3270687 was done successfully"
"2023-05-27 22:14:27","INFO","Get category with id 6bb975e9-f577-4bcd-9084-4622c3270687 was done successfully"
"2023-05-27 22:16:56","INFO","Get category with id 61ddd791-d101-4ffc-97f5-a38e6c959d5d was done successfully"
"2023-05-27 22:16:56","INFO","Get category with id 61ddd791-d101-4ffc-97f5-a38e6c959d5d was done successfully"
"2023-05-27 22:16:56","INFO","Get category with id 404d3990-cf42-4a96-bc66-37e67404cdf3 was done successfully"
"2023-05-27 22:16:56","INFO","Get category with id 404d3990-cf42-4a96-bc66-37e67404cdf3 was done successfully"
"2023-05-27 22:27:14","INFO","Get category with id c310a206-667a-4e5e-a782-fe7c10611866 was done successfully"
"2023-05-27 22:27:14","INFO","Get category with id c310a206-667a-4e5e-a782-fe7c10611866 was done successfully"
"2023-05-27 22:27:14","INFO","Get category with id e04cb56a-aa9b-4db1-a66d-e001e830958c was done successfully"
"2023-05-27 22:27:14","INFO","Get category with id e04cb56a-aa9b-4db1-a66d-e001e830958c was done successfully"
"2023-05-27 22:32:02","INFO","Get category with id 6bdc8052-d866-40e8-8e09-ae0437972f65 was done successfully"
"2023-05-27 22:32:02","INFO","Get category with id 6bdc8052-d866-40e8-8e09-ae0437972f65 was done successfully"
"2023-05-27 22:32:02","INFO","Get category with id a87f20bd-15f7-4782-9e34-c35b828b5441 was done successfully"
"2023-05-27 22:32:02","INFO","Get category with id a87f20bd-15f7-4782-9e34-c35b828b5441 was done successfully"
"2023-05-27 22:34:42","INFO","Get category with id b93c537e-9438-4bc5-80e1-57d620690eba was done successfully"
"2023-05-27 22:34:42","INFO","Get category with id b93c537e-9438-4bc5-80e1-57d620690eba was done successfully"
"2023-05-27 22:34:42","INFO","Get category with id ca5c90bc-f566-45a2-a0ce-6e881118215a was done successfully"
"2023-05-27 22:34:42","INFO","Get category with id ca5c90bc-f566-45a2-a0ce-6e881118215a was done successfully"
"2023-05-27 22:37:21","INFO","Get category with id dcd63747-0585-4fb8-8d7f-7a8a9767cd71 was done successfully"
"2023-05-27 22:37:21","INFO","Get category with id dcd63747-0585-4fb8-8d7f-7a8a9767cd71 was done successfully"
"2023-05-27 22:37:21","INFO","Get category with id 689718c2-7e3b-43f8-bb7c-c11168f0fc5a was done successfully"
"2023-05-27 22:37:21","INFO","Get category with id 689718c2-7e3b-43f8-bb7c-c11168f0fc5a was done successfully"
"2023-05-27 22:37:21","SEVERE","Error: No such cardtransaction with id f1db802b-e557-4da2-9ffb-9c4123217dd1"
"2023-05-27 22:37:21","INFO","Get cashtransaction with id f1db802b-e557-4da2-9ffb-9c4123217dd1 was done successfully"
"2023-05-27 22:37:21","SEVERE","Error: No such cardtransaction with id f1db802b-e557-4da2-9ffb-9c4123217dd1"
"2023-05-27 22:37:21","INFO","Get cashtransaction with id f1db802b-e557-4da2-9ffb-9c4123217dd1 was done successfully"
"2023-05-27 22:37:21","INFO","Get cardtransaction with id a755b976-b21d-4af2-9c6b-b3b2a6a62cdf was done successfully"
"2023-05-27 22:37:21","INFO","Get cardtransaction with id a755b976-b21d-4af2-9c6b-b3b2a6a62cdf was done successfully"
"2023-05-27 22:37:21","INFO","Get cardtransaction with id cde0ee41-dbff-4871-84bb-5babb8dc6f5e was done successfully"
"2023-05-27 22:37:21","INFO","Get cardtransaction with id cde0ee41-dbff-4871-84bb-5babb8dc6f5e was done successfully"
"2023-05-27 22:37:57","INFO","Get category with id fddaa6b8-f764-426b-af26-8e784fe8b1c0 was done successfully"
"2023-05-27 22:37:57","INFO","Get category with id fddaa6b8-f764-426b-af26-8e784fe8b1c0 was done successfully"
"2023-05-27 22:37:57","INFO","Get category with id d154b019-c65e-4c0f-9bed-18348527b0f7 was done successfully"
"2023-05-27 22:37:57","INFO","Get category with id d154b019-c65e-4c0f-9bed-18348527b0f7 was done successfully"
"2023-05-27 22:37:57","SEVERE","Error: No such cardtransaction with id 63d286fc-86ef-45a5-89c6-0604c62538bd"
"2023-05-27 22:37:57","INFO","Get cashtransaction with id 63d286fc-86ef-45a5-89c6-0604c62538bd was done successfully"
"2023-05-27 22:37:57","SEVERE","Error: No such cardtransaction with id 63d286fc-86ef-45a5-89c6-0604c62538bd"
"2023-05-27 22:37:57","INFO","Get cashtransaction with id 63d286fc-86ef-45a5-89c6-0604c62538bd was done successfully"
"2023-05-27 22:37:57","INFO","Get cardtransaction with id 0c8f025e-0528-4acf-b90b-0177f421ff85 was done successfully"
"2023-05-27 22:37:57","INFO","Get cardtransaction with id 0c8f025e-0528-4acf-b90b-0177f421ff85 was done successfully"
"2023-05-27 22:37:57","INFO","Get cardtransaction with id 75870b57-82da-4ca1-a13e-9e8a27fa31e4 was done successfully"
"2023-05-27 22:37:57","INFO","Get cardtransaction with id 75870b57-82da-4ca1-a13e-9e8a27fa31e4 was done successfully"
"2023-05-27 22:38:21","INFO","Get category with id 802a1a64-95d7-4c63-9e97-dd5f627842de was done successfully"
"2023-05-27 22:38:21","INFO","Get category with id 802a1a64-95d7-4c63-9e97-dd5f627842de was done successfully"
"2023-05-27 22:38:21","INFO","Get category with id b88f0ef5-9f95-475a-9d68-cb073f063081 was done successfully"
"2023-05-27 22:38:21","INFO","Get category with id b88f0ef5-9f95-475a-9d68-cb073f063081 was done successfully"
"2023-05-27 22:38:22","SEVERE","Error: No such cardtransaction with id bfbcaab2-eea4-41e5-a925-52e0cc7bb26a"
"2023-05-27 22:38:22","INFO","Get cashtransaction with id bfbcaab2-eea4-41e5-a925-52e0cc7bb26a was done successfully"
"2023-05-27 22:38:22","SEVERE","Error: No such cardtransaction with id bfbcaab2-eea4-41e5-a925-52e0cc7bb26a"
"2023-05-27 22:38:22","INFO","Get cashtransaction with id bfbcaab2-eea4-41e5-a925-52e0cc7bb26a was done successfully"
"2023-05-27 22:38:22","INFO","Get cardtransaction with id 64367e1b-65b1-4585-ab85-7576e48a8909 was done successfully"
"2023-05-27 22:38:22","INFO","Get cardtransaction with id 64367e1b-65b1-4585-ab85-7576e48a8909 was done successfully"
"2023-05-27 22:38:22","INFO","Get cardtransaction with id 7106d613-d1e3-4e60-af8d-a402289051ff was done successfully"
"2023-05-27 22:38:22","INFO","Get cardtransaction with id 7106d613-d1e3-4e60-af8d-a402289051ff was done successfully"
"2023-05-27 22:38:32","INFO","Get category with id 6b1fe60a-0330-40bc-8e64-14d8c6fc9685 was done successfully"
"2023-05-27 22:38:32","INFO","Get category with id 6b1fe60a-0330-40bc-8e64-14d8c6fc9685 was done successfully"
"2023-05-27 22:38:32","INFO","Get category with id a32fa9b5-3515-48af-8119-649bd9247089 was done successfully"
"2023-05-27 22:38:32","INFO","Get category with id a32fa9b5-3515-48af-8119-649bd9247089 was done successfully"
"2023-05-27 22:38:32","SEVERE","Error: No such cardtransaction with id eebe5a3a-a8d0-44e7-8094-2405e9635062"
"2023-05-27 22:38:32","INFO","Get cashtransaction with id eebe5a3a-a8d0-44e7-8094-2405e9635062 was done successfully"
"2023-05-27 22:38:32","SEVERE","Error: No such cardtransaction with id eebe5a3a-a8d0-44e7-8094-2405e9635062"
"2023-05-27 22:38:32","INFO","Get cashtransaction with id eebe5a3a-a8d0-44e7-8094-2405e9635062 was done successfully"
"2023-05-27 22:38:32","INFO","Get cardtransaction with id fcee4e5a-2ad3-4d7b-be12-015f6c4690b9 was done successfully"
"2023-05-27 22:38:32","INFO","Get cardtransaction with id fcee4e5a-2ad3-4d7b-be12-015f6c4690b9 was done successfully"
"2023-05-27 22:38:32","INFO","Get cardtransaction with id ed3655b3-525a-4d89-8af5-116e8323e112 was done successfully"
"2023-05-27 22:38:32","INFO","Get cardtransaction with id ed3655b3-525a-4d89-8af5-116e8323e112 was done successfully"
"2023-05-27 22:47:12","INFO","Get category with id 130cf44b-efa2-43a5-90c1-aa197c1a81cd was done successfully"
"2023-05-27 22:47:12","INFO","Get category with id 130cf44b-efa2-43a5-90c1-aa197c1a81cd was done successfully"
"2023-05-27 22:47:12","INFO","Get category with id 76fc0026-db60-4e8a-abc1-33914f18529b was done successfully"
"2023-05-27 22:47:12","INFO","Get category with id 76fc0026-db60-4e8a-abc1-33914f18529b was done successfully"
"2023-05-27 22:47:12","SEVERE","Error: No such cardtransaction with id 566a5dfc-e061-46b5-9051-fb4d38a59c2a"
"2023-05-27 22:47:12","INFO","Get cashtransaction with id 566a5dfc-e061-46b5-9051-fb4d38a59c2a was done successfully"
"2023-05-27 22:47:12","SEVERE","Error: No such cardtransaction with id 566a5dfc-e061-46b5-9051-fb4d38a59c2a"
"2023-05-27 22:47:12","INFO","Get cashtransaction with id 566a5dfc-e061-46b5-9051-fb4d38a59c2a was done successfully"
"2023-05-27 22:47:12","INFO","Get cardtransaction with id d8f53039-d9af-46fe-995c-064572aa8519 was done successfully"
"2023-05-27 22:47:12","INFO","Get cardtransaction with id d8f53039-d9af-46fe-995c-064572aa8519 was done successfully"
"2023-05-27 22:47:12","INFO","Get cardtransaction with id 19cafd14-1ff0-4ef9-9995-59d0faafd8c8 was done successfully"
"2023-05-27 22:47:12","INFO","Get cardtransaction with id 19cafd14-1ff0-4ef9-9995-59d0faafd8c8 was done successfully"
"2023-05-27 22:48:42","INFO","Get category with id 782d110d-83a5-4945-9c87-f46756e643c0 was done successfully"
"2023-05-27 22:48:42","INFO","Get category with id 782d110d-83a5-4945-9c87-f46756e643c0 was done successfully"
"2023-05-27 22:48:42","INFO","Get category with id 96cb3e68-3462-4d10-8a92-dd11954a7d93 was done successfully"
"2023-05-27 22:48:42","INFO","Get category with id 96cb3e68-3462-4d10-8a92-dd11954a7d93 was done successfully"
"2023-05-27 22:48:42","SEVERE","Error: No such cardtransaction with id ba97dc86-07cb-4c3e-b927-19ae23f399b6"
"2023-05-27 22:48:42","INFO","Get cashtransaction with id ba97dc86-07cb-4c3e-b927-19ae23f399b6 was done successfully"
"2023-05-27 22:48:42","SEVERE","Error: No such cardtransaction with id ba97dc86-07cb-4c3e-b927-19ae23f399b6"
"2023-05-27 22:48:42","INFO","Get cashtransaction with id ba97dc86-07cb-4c3e-b927-19ae23f399b6 was done successfully"
"2023-05-27 22:48:42","INFO","Get cardtransaction with id 92c0c371-9877-4ac2-b9f7-a75a6b3cf6f0 was done successfully"
"2023-05-27 22:48:42","INFO","Get cardtransaction with id 92c0c371-9877-4ac2-b9f7-a75a6b3cf6f0 was done successfully"
"2023-05-27 22:48:42","INFO","Get cardtransaction with id b3876b23-1d89-4083-8bfb-2a17cb3bb800 was done successfully"
"2023-05-27 22:48:42","INFO","Get cardtransaction with id b3876b23-1d89-4083-8bfb-2a17cb3bb800 was done successfully"
"2023-05-27 23:20:36","INFO","Get category with id 010971fd-ba79-4d5f-b512-1d50371e805f was done successfully"
"2023-05-27 23:20:36","INFO","Get category with id 010971fd-ba79-4d5f-b512-1d50371e805f was done successfully"
"2023-05-27 23:20:36","INFO","Get category with id 87717ab2-af8c-4a72-ba1e-ed0c0c5f64d5 was done successfully"
"2023-05-27 23:20:36","INFO","Get category with id 87717ab2-af8c-4a72-ba1e-ed0c0c5f64d5 was done successfully"
"2023-05-27 23:20:36","SEVERE","Error: No such cardtransaction with id bbf81622-2bc1-452e-a5f0-96cf2c20346b"
"2023-05-27 23:20:36","INFO","Get cashtransaction with id bbf81622-2bc1-452e-a5f0-96cf2c20346b was done successfully"
"2023-05-27 23:20:36","SEVERE","Error: No such cardtransaction with id bbf81622-2bc1-452e-a5f0-96cf2c20346b"
"2023-05-27 23:20:36","INFO","Get cashtransaction with id bbf81622-2bc1-452e-a5f0-96cf2c20346b was done successfully"
"2023-05-27 23:20:36","INFO","Get cardtransaction with id 5e8df6e7-f996-4e7e-83b8-1c69ce2fc025 was done successfully"
"2023-05-27 23:20:36","INFO","Get cardtransaction with id 5e8df6e7-f996-4e7e-83b8-1c69ce2fc025 was done successfully"
"2023-05-27 23:20:36","INFO","Get cardtransaction with id 578541bf-15cd-4b22-b5fc-bcb05ef7bedb was done successfully"
"2023-05-27 23:20:36","INFO","Get cardtransaction with id 578541bf-15cd-4b22-b5fc-bcb05ef7bedb was done successfully"
"2023-05-27 23:21:09","INFO","Get category with id 1b324461-a865-4cee-a598-9aea086fb411 was done successfully"
"2023-05-27 23:21:09","INFO","Get category with id 1b324461-a865-4cee-a598-9aea086fb411 was done successfully"
"2023-05-27 23:21:09","INFO","Get category with id ace83706-1fb3-4e25-823d-0039d9e53d84 was done successfully"
"2023-05-27 23:21:09","INFO","Get category with id ace83706-1fb3-4e25-823d-0039d9e53d84 was done successfully"
"2023-05-27 23:21:10","SEVERE","Error: No such cardtransaction with id b8c08c17-3eb1-4143-976b-4bbfed593d7d"
"2023-05-27 23:21:10","INFO","Get cashtransaction with id b8c08c17-3eb1-4143-976b-4bbfed593d7d was done successfully"
"2023-05-27 23:21:10","SEVERE","Error: No such cardtransaction with id b8c08c17-3eb1-4143-976b-4bbfed593d7d"
"2023-05-27 23:21:10","INFO","Get cashtransaction with id b8c08c17-3eb1-4143-976b-4bbfed593d7d was done successfully"
"2023-05-27 23:21:10","INFO","Get cardtransaction with id 08fcceaa-e4dc-4ede-9274-04a9880074b3 was done successfully"
"2023-05-27 23:21:10","INFO","Get cardtransaction with id 08fcceaa-e4dc-4ede-9274-04a9880074b3 was done successfully"
"2023-05-27 23:21:10","INFO","Get cardtransaction with id 1744db88-5e02-492f-bc36-ad0ce0acd8f9 was done successfully"
"2023-05-27 23:21:10","INFO","Get cardtransaction with id 1744db88-5e02-492f-bc36-ad0ce0acd8f9 was done successfully"
"2023-05-27 23:21:15","SEVERE","Error: No such category with id 55078052-5004-46ed-804d-33945460503a"
"2023-05-27 23:23:58","INFO","Get category with id 6d1e5fde-4804-49c6-9151-eb9d46efb2e1 was done successfully"
"2023-05-27 23:23:58","INFO","Get category with id 6d1e5fde-4804-49c6-9151-eb9d46efb2e1 was done successfully"
"2023-05-27 23:23:58","INFO","Get category with id 575f6f25-cd06-4d77-b16b-40ddaa732098 was done successfully"
"2023-05-27 23:23:58","INFO","Get category with id 575f6f25-cd06-4d77-b16b-40ddaa732098 was done successfully"
"2023-05-27 23:23:59","SEVERE","Error: No such cardtransaction with id c4230b38-9476-4c25-9332-d01a3cd11675"
"2023-05-27 23:23:59","INFO","Get cashtransaction with id c4230b38-9476-4c25-9332-d01a3cd11675 was done successfully"
"2023-05-27 23:23:59","SEVERE","Error: No such cardtransaction with id c4230b38-9476-4c25-9332-d01a3cd11675"
"2023-05-27 23:23:59","INFO","Get cashtransaction with id c4230b38-9476-4c25-9332-d01a3cd11675 was done successfully"
"2023-05-27 23:23:59","INFO","Get cardtransaction with id c8e19539-d297-4765-993c-3f61f9ece199 was done successfully"
"2023-05-27 23:23:59","INFO","Get cardtransaction with id c8e19539-d297-4765-993c-3f61f9ece199 was done successfully"
"2023-05-27 23:23:59","INFO","Get cardtransaction with id b8041c4d-99f1-45bd-bca4-6d1d45c75760 was done successfully"
"2023-05-27 23:23:59","INFO","Get cardtransaction with id b8041c4d-99f1-45bd-bca4-6d1d45c75760 was done successfully"
"2023-05-27 23:24:04","SEVERE","Error: No such category with id 964f8d1b-5cbb-4bda-82b9-abec5d296182"
"2023-05-27 23:25:54","INFO","Get category with id 5df98d3c-bae6-4fd6-b6dc-2f6a11aa11cf was done successfully"
"2023-05-27 23:25:54","INFO","Get category with id 5df98d3c-bae6-4fd6-b6dc-2f6a11aa11cf was done successfully"
"2023-05-27 23:25:54","INFO","Get category with id 7f4ecba1-3d1a-4299-81f8-b90d36e2ce1d was done successfully"
"2023-05-27 23:25:54","INFO","Get category with id 7f4ecba1-3d1a-4299-81f8-b90d36e2ce1d was done successfully"
"2023-05-27 23:25:54","SEVERE","Error: No such cardtransaction with id cbeb0182-af80-494e-bdea-ff33e03496aa"
"2023-05-27 23:25:54","INFO","Get cashtransaction with id cbeb0182-af80-494e-bdea-ff33e03496aa was done successfully"
"2023-05-27 23:25:54","SEVERE","Error: No such cardtransaction with id cbeb0182-af80-494e-bdea-ff33e03496aa"
"2023-05-27 23:25:54","INFO","Get cashtransaction with id cbeb0182-af80-494e-bdea-ff33e03496aa was done successfully"
"2023-05-27 23:25:54","INFO","Get cardtransaction with id f8098ee2-7223-4072-aa40-776902106ac0 was done successfully"
"2023-05-27 23:25:54","INFO","Get cardtransaction with id f8098ee2-7223-4072-aa40-776902106ac0 was done successfully"
"2023-05-27 23:25:54","INFO","Get cardtransaction with id 969d357e-cade-488b-bbeb-a7de85b39990 was done successfully"
"2023-05-27 23:25:54","INFO","Get cardtransaction with id 969d357e-cade-488b-bbeb-a7de85b39990 was done successfully"
"2023-05-27 23:26:34","INFO","Get category with id 7c4cf0c5-b99e-40b3-8945-19a00209f8ff was done successfully"
"2023-05-27 23:26:34","INFO","Get category with id 7c4cf0c5-b99e-40b3-8945-19a00209f8ff was done successfully"
"2023-05-27 23:26:34","INFO","Get category with id 3ddd7c35-6d13-46b2-b52f-e55ce61eeca8 was done successfully"
"2023-05-27 23:26:34","INFO","Get category with id 3ddd7c35-6d13-46b2-b52f-e55ce61eeca8 was done successfully"
"2023-05-27 23:27:08","INFO","Get category with id cf9827be-3967-448e-addf-be5f46ff3d10 was done successfully"
"2023-05-27 23:27:08","INFO","Get category with id cf9827be-3967-448e-addf-be5f46ff3d10 was done successfully"
"2023-05-27 23:27:08","INFO","Get category with id 55c40aee-3265-4e8d-a9ad-1b89d2981504 was done successfully"
"2023-05-27 23:27:08","INFO","Get category with id 55c40aee-3265-4e8d-a9ad-1b89d2981504 was done successfully"
"2023-05-27 23:27:08","SEVERE","Error: No such cardtransaction with id 6e4a347c-1187-4f8d-9e7e-3df2812d2051"
"2023-05-27 23:27:08","INFO","Get cashtransaction with id 6e4a347c-1187-4f8d-9e7e-3df2812d2051 was done successfully"
"2023-05-27 23:27:08","SEVERE","Error: No such cardtransaction with id 6e4a347c-1187-4f8d-9e7e-3df2812d2051"
"2023-05-27 23:27:08","INFO","Get cashtransaction with id 6e4a347c-1187-4f8d-9e7e-3df2812d2051 was done successfully"
"2023-05-27 23:27:08","INFO","Get cardtransaction with id 538cd83b-e796-4e30-bc8d-830166319ad1 was done successfully"
"2023-05-27 23:27:08","INFO","Get cardtransaction with id 538cd83b-e796-4e30-bc8d-830166319ad1 was done successfully"
"2023-05-27 23:27:08","INFO","Get cardtransaction with id 9398b677-51a8-4989-a6bb-3f03ab086de2 was done successfully"
"2023-05-27 23:27:08","INFO","Get cardtransaction with id 9398b677-51a8-4989-a6bb-3f03ab086de2 was done successfully"
"2023-05-27 23:31:17","INFO","Get category with id eafddcc6-d647-42a4-a50b-a72401ea5577 was done successfully"
"2023-05-27 23:31:17","INFO","Get category with id eafddcc6-d647-42a4-a50b-a72401ea5577 was done successfully"
"2023-05-27 23:31:17","INFO","Get category with id cfe3da5c-64da-4f65-b2d8-113793be71a6 was done successfully"
"2023-05-27 23:31:17","INFO","Get category with id cfe3da5c-64da-4f65-b2d8-113793be71a6 was done successfully"
"2023-05-27 23:31:17","SEVERE","Error: No such cardtransaction with id d096524f-b2b0-43cc-8ac8-ac59b5f551e9"
"2023-05-27 23:31:17","INFO","Get cashtransaction with id d096524f-b2b0-43cc-8ac8-ac59b5f551e9 was done successfully"
"2023-05-27 23:31:17","SEVERE","Error: No such cardtransaction with id d096524f-b2b0-43cc-8ac8-ac59b5f551e9"
"2023-05-27 23:31:17","INFO","Get cashtransaction with id d096524f-b2b0-43cc-8ac8-ac59b5f551e9 was done successfully"
"2023-05-27 23:31:17","INFO","Get cardtransaction with id 36fea2ae-01cc-4fca-931c-58378cfabb44 was done successfully"
"2023-05-27 23:31:17","INFO","Get cardtransaction with id 36fea2ae-01cc-4fca-931c-58378cfabb44 was done successfully"
"2023-05-27 23:31:17","INFO","Get cardtransaction with id 258405b4-651d-49d2-b1ad-f4eb6bda9d25 was done successfully"
"2023-05-27 23:31:17","INFO","Get cardtransaction with id 258405b4-651d-49d2-b1ad-f4eb6bda9d25 was done successfully"
"2023-05-27 23:31:17","SEVERE","Error: No such category with id 5ec59cf8-c1fc-409f-bba7-0f97e73ac185"
"2023-05-27 23:32:20","INFO","Get category with id 121dfa28-4349-4d44-b696-f9e736d55f9c was done successfully"
"2023-05-27 23:32:20","INFO","Get category with id 121dfa28-4349-4d44-b696-f9e736d55f9c was done successfully"
"2023-05-27 23:32:20","INFO","Get category with id 37d7c0be-1b9d-4229-b63b-cf1967f4191e was done successfully"
"2023-05-27 23:32:20","INFO","Get category with id 37d7c0be-1b9d-4229-b63b-cf1967f4191e was done successfully"
"2023-05-27 23:32:20","SEVERE","Error: No such cardtransaction with id 196ec2e5-dce4-4db6-8474-4f7a26c43f0d"
"2023-05-27 23:32:20","INFO","Get cashtransaction with id 196ec2e5-dce4-4db6-8474-4f7a26c43f0d was done successfully"
"2023-05-27 23:32:20","SEVERE","Error: No such cardtransaction with id 196ec2e5-dce4-4db6-8474-4f7a26c43f0d"
"2023-05-27 23:32:20","INFO","Get cashtransaction with id 196ec2e5-dce4-4db6-8474-4f7a26c43f0d was done successfully"
"2023-05-27 23:32:20","INFO","Get cardtransaction with id f77b45cf-5397-4cc7-929e-7b23b73cdb3e was done successfully"
"2023-05-27 23:32:20","INFO","Get cardtransaction with id f77b45cf-5397-4cc7-929e-7b23b73cdb3e was done successfully"
"2023-05-27 23:32:20","INFO","Get cardtransaction with id af2327d5-5a8a-4211-9fa1-e3c70ed0f08f was done successfully"
"2023-05-27 23:32:20","INFO","Get cardtransaction with id af2327d5-5a8a-4211-9fa1-e3c70ed0f08f was done successfully"
"2023-05-27 23:32:20","SEVERE","Error: No such category with id cc7e3cbd-212b-4ef5-a0c4-d5d66c775619"
"2023-05-27 23:32:51","INFO","Get category with id 03bb386d-de50-4280-a72b-b22b0b14c469 was done successfully"
"2023-05-27 23:32:51","INFO","Get category with id 03bb386d-de50-4280-a72b-b22b0b14c469 was done successfully"
"2023-05-27 23:32:51","INFO","Get category with id 87079e73-ba86-4feb-afb7-f73b65b962ab was done successfully"
"2023-05-27 23:32:51","INFO","Get category with id 87079e73-ba86-4feb-afb7-f73b65b962ab was done successfully"
"2023-05-27 23:32:51","SEVERE","Error: No such cardtransaction with id 31a9d041-7888-40a2-a19f-101669d1090b"
"2023-05-27 23:32:51","INFO","Get cashtransaction with id 31a9d041-7888-40a2-a19f-101669d1090b was done successfully"
"2023-05-27 23:32:51","SEVERE","Error: No such cardtransaction with id 31a9d041-7888-40a2-a19f-101669d1090b"
"2023-05-27 23:32:51","INFO","Get cashtransaction with id 31a9d041-7888-40a2-a19f-101669d1090b was done successfully"
"2023-05-27 23:32:51","INFO","Get cardtransaction with id 62c9bd83-8c16-4915-b3b8-abe3ce985af1 was done successfully"
"2023-05-27 23:32:51","INFO","Get cardtransaction with id 62c9bd83-8c16-4915-b3b8-abe3ce985af1 was done successfully"
"2023-05-27 23:32:51","INFO","Get cardtransaction with id d3d91cd6-d131-4e03-9786-28dc4cceb239 was done successfully"
"2023-05-27 23:32:51","INFO","Get cardtransaction with id d3d91cd6-d131-4e03-9786-28dc4cceb239 was done successfully"
"2023-05-27 23:32:51","SEVERE","Error: No such category with id 39396804-38ff-4ba6-9a1f-af84dbd50d54"
"2023-05-27 23:34:06","INFO","Get category with id 5fc16113-8618-4cbf-abed-309f68b9ea0d was done successfully"
"2023-05-27 23:34:06","INFO","Get category with id 5fc16113-8618-4cbf-abed-309f68b9ea0d was done successfully"
"2023-05-27 23:34:06","INFO","Get category with id 2e3602bb-00c2-4e4a-8431-a1b76901d54e was done successfully"
"2023-05-27 23:34:06","INFO","Get category with id 2e3602bb-00c2-4e4a-8431-a1b76901d54e was done successfully"
"2023-05-27 23:34:06","SEVERE","Error: No such cardtransaction with id b435336d-d50d-4eee-868a-75302c4eceb5"
"2023-05-27 23:34:06","INFO","Get cashtransaction with id b435336d-d50d-4eee-868a-75302c4eceb5 was done successfully"
"2023-05-27 23:34:06","SEVERE","Error: No such cardtransaction with id b435336d-d50d-4eee-868a-75302c4eceb5"
"2023-05-27 23:34:06","INFO","Get cashtransaction with id b435336d-d50d-4eee-868a-75302c4eceb5 was done successfully"
"2023-05-27 23:34:06","INFO","Get cardtransaction with id f9bebcb1-1542-4741-beb8-87641df64f7b was done successfully"
"2023-05-27 23:34:06","INFO","Get cardtransaction with id f9bebcb1-1542-4741-beb8-87641df64f7b was done successfully"
"2023-05-27 23:34:06","INFO","Get cardtransaction with id 5583f694-19b7-4ee2-8528-7e309f4ef519 was done successfully"
"2023-05-27 23:34:06","INFO","Get cardtransaction with id 5583f694-19b7-4ee2-8528-7e309f4ef519 was done successfully"
"2023-05-27 23:34:06","SEVERE","Error: No such category with id c104d468-a31d-4be3-8e90-e812c823ce64"
"2023-05-27 23:35:26","INFO","Get category with id 9cb43988-ecee-49df-88d9-5bf40ed96b1b was done successfully"
"2023-05-27 23:35:26","INFO","Get category with id 9cb43988-ecee-49df-88d9-5bf40ed96b1b was done successfully"
"2023-05-27 23:35:26","INFO","Get category with id 17c82620-2d88-4e96-9ccc-f7965e44edcb was done successfully"
"2023-05-27 23:35:26","INFO","Get category with id 17c82620-2d88-4e96-9ccc-f7965e44edcb was done successfully"
"2023-05-27 23:35:26","SEVERE","Error: No such cardtransaction with id ad6144c4-ff03-4bc7-b8df-627a91b496d4"
"2023-05-27 23:35:26","INFO","Get cashtransaction with id ad6144c4-ff03-4bc7-b8df-627a91b496d4 was done successfully"
"2023-05-27 23:35:26","SEVERE","Error: No such cardtransaction with id ad6144c4-ff03-4bc7-b8df-627a91b496d4"
"2023-05-27 23:35:26","INFO","Get cashtransaction with id ad6144c4-ff03-4bc7-b8df-627a91b496d4 was done successfully"
"2023-05-27 23:35:26","INFO","Get cardtransaction with id 248e83ee-d720-46c2-94bd-0e3a396f2b20 was done successfully"
"2023-05-27 23:35:26","INFO","Get cardtransaction with id 248e83ee-d720-46c2-94bd-0e3a396f2b20 was done successfully"
"2023-05-27 23:35:26","INFO","Get cardtransaction with id d722862b-e028-4c8d-ac37-f2f238377524 was done successfully"
"2023-05-27 23:35:26","INFO","Get cardtransaction with id d722862b-e028-4c8d-ac37-f2f238377524 was done successfully"
"2023-05-27 23:35:32","SEVERE","Error: No such category with id 51ce9e22-7c14-4d22-903b-cbff37f15a1d"
